Constantinople_Province
Constantinople
Tbilisi_Province
Tbilisi
Sinope_Region
Sinope
Trebizond_Province
Trebizond
Nicaea_Province
Nicaea
Theodoiopolis_Region
Theodosiopolis
Yerevan_Province
Yerevan
Ankara_Region
Ankara
Malatya_Region
Malatya
Caesarea_Province
Caesarea
Doryleum_Region
Doryleum
Iconium_Province
Iconium
Edessa_Province
Edessa
Smyrna_Province
Smyrna
Mosul_Province
Mosul
Adana_Province
Adana
Aleppo_Province
Aleppo
Attaleia_Region
Attaleia
Baghdad_Province
Baghdad
Antioch_Province
Antioch
Takrit_Region
Takrit
Raqqa_Region
Raqqa
Isle_of_Rhodes
Rhodes
Northern_Cyprus
Nicosia
Homs_Region
Homs
Isle_of_Crete
Iraklion
Jedda_Province
Jedda
Krak_de_Chavliers_Region
Krak_de_Chevaliers
Damascus_Province
Damascus
Southern_Cyprus
Limassol
Tribelands8
Arab_Camp_8
Tripoli_Province
Tripoli
Baalbek_Region
Ballbek
Tyre_Region
Tyre
Banyas_Region
Banyas
Tribelands5
Arab_Camp_5
Acre_Province
Acre
Tribelands4
Arab_Camp_4
Tribelands6
Arab_Camp_6
Arsuf_Region
Arsuf
Kerak_Region
Kerak
Jerusalem_Province
Jerusalem
Ascalon_Region
Ascalon
Tribelands7
Arab_Camp_7
Siwa_Region
Siwa
Alexandria_Province
Alexandria
Dumyat_Region
Dumyat
Tribelands3
Arab_Camp_3
Tribelands2
Arab_Camp_2
Tribelands1
Arab_Camp_1
Cairo_Province
Cairo
Alia_Region
Alia
