Norway_Region
Akershus
Central_Sweden
Uppsala
Finland_Region
Abo
Narva_Region
Narva
Novgorod_Region
Novgorod
Reval_Region
Reval
Arensburg_Region
Arensburg
Southern_Sweden
Goteborg
Parnu_Region
Pernau
North_Pskov_Region
Pskov
Kalmar_Region
Kalmar
Denmark_Region
Aarhus
Gotland
Visby
Livonia
Riga
Windau_Region
Windau
Zealand
Roskilde
Corland
Dunaburg
Siauliai_Region
Siauliai
Palanga_Region
Palanga
Smolensk_Region
Smolensk
Vitebsk_Region
Vitebsk
Konigsberg_Region
Konisberg
Lithuania
Vilnius
Kaunus_Region
Kaunus
Northern_Germany
Hamburg
Stralsund_Region
Stralsund
Pomerania
Danzig
Minsk_Region
Minsk
West_Pomerania
Stettin
Marienburg_Region
Marienburg
Hrodna_Region
Hrodna
Chernigov_Region
Chernigov
Masovia
Jazdow
Magdeburg_Region
Magdeburg
Thorn_Region
Thorn
Hannover_Region
Hannover
West_Poland
Poznan
Turov_Region
Turov
Plock_Region
Plock
Pinsk_Region
Pinsk
Kiev_Region
Kiev
Bohemia
Prague
Southern_Poland
Cracow
L_vov_Region
L_vov
Hof_Region
Hof
Gorlitz_Region
Gorlitz
Potsdam_Region
Potsdam
Neustettin_Region
Neustettin
Koszalin_Region
Koszalin
Uelzen_Region
Uelzen
Halmstad_Region
Halmstad
Hassleholm_Region
Hassleholm
Skara_Region
Skara
Tingvalla_Region
Tingvalla
Agder_Region
Agder
Klodzko_Region
Klodzko
Czestochowa_Region
Czestochowa
Przeworsk_Region
Przeworsk
Liuboml_Region
Liuboml
Bialystok_Region
Bialystok
Zhytomyr_Region
Zhytomyr
Chornobyl_Region
Chornobyl
Homyel_Region
Homyel
Baranavichy_Region
Baranavichy
Lida_Region
Lida
Mglin_Region
Mglin
Mstislavl_Region
Mstislavl
Dokshitsy_Region
Dokshitsy
Panevezys_Region
Panevezys
Velikiye_Luki_Region
Velikiye_Luki
Kholm_Region
Kholm
Zubstov_Region
Zubstov
Olysta_Region
Olysta
Tosno_Region
Tosno
